{"cameraMode":{"drawMode":0,"name":"Shaded","section":"Shading Mode"},"sceneLighting":true,"audioPlay":false,"sceneViewState":{"showFog":true,"showMaterialUpdate":false,"showSkybox":true,"showFlares":true,"showImageEffects":true,"showParticleSystems":true},"in2DMode":false,"pivot":{"x":-3.581399440765381,"y":4.179781913757324,"z":-4.972908973693848},"rotation":{"x":0.005836542695760727,"y":-0.9242321848869324,"z":0.38153085112571719,"w":0.014138279482722283},"size":2.3844587802886965,"orthographic":true}